"No","種類","地域","市区町村コード","都道府県名","市区町村名","地区名","最寄駅：名称","最寄駅：距離（分）","取引価格（総額）","坪単価","間取り","面積（㎡）","取引価格（㎡単価）","土地の形状","間口","延床面積（㎡）","建築年","建物の構造","用途","今後の利用目的","前面道路：方位","前面道路：種類","前面道路：幅員（ｍ）","都市計画","建ぺい率（％）","容積率（％）","取引時点","改装","取引の事情等"
1,"宅地(土地)","住宅地","06201","山形県","山形市","大字青柳","楯山","10",11000000,"100000","","350",31000,"ほぼ整形","","","","","","","南","県道",4.0,"市街化調整区域",70,200,"2021年第１四半期","",""
2,"宅地(土地)","住宅地","06201","山形県","山形市","大字青柳","楯山","10",1800000,"100000","","60",31000,"ほぼ整形","","","","","","","南","県道",4.0,"市街化調整区域",70,200,"2021年第１四半期","",""
3,"宅地(土地)","住宅地","06201","山形県","山形市","あこや町","山形","30分?60分",21000000,"240000","","300",73000,"ほぼ長方形","15.1","","","","","","南","市道",5.4,"準住居地域",60,200,"2021年第１四半期","",""
4,"宅地(土地)","住宅地","06201","山形県","山形市","あこや町","山形","30分?60分",24000000,"320000","","250",97000,"長方形","20.0","","","","","住宅","南","市道",9.0,"第２種中高層住居専用地域",60,200,"2021年第１四半期","",""
5,"中古マンション等","","06201","山形県","山形市","あこや町","山形","30分?60分",14000000,"","３ＬＤＫ","60",,"","","","平成14年","","","住宅","","",,"第１種住居地域",60,200,"2021年第１四半期","未改装",""
6,"宅地(土地と建物)","住宅地","06201","山形県","山形市","あさひ町","山形","30分?60分",30000000,"","","270",,"ほぼ長方形","14.2","250","昭和62年","鉄骨造","事務所、店舗","","南","市道",15.0,"第２種中高層住居専用地域",60,200,"2021年第１四半期","",""
7,"宅地(土地と建物)","住宅地","06201","山形県","山形市","荒楯町","山形","29",25000000,"","","300",,"長方形","20.0","135","昭和64年","木造","住宅","住宅","南","市道",6.0,"第２種低層住居専用地域",60,150,"2021年第１四半期","",""
8,"宅地(土地)","住宅地","06201","山形県","山形市","荒楯町","山形","26",19000000,"160000","","370",49000,"ほぼ長方形","10.0","","","","","住宅","北","市道",6.0,"第２種低層住居専用地域",60,150,"2021年第１四半期","",""
9,"宅地(土地)","住宅地","06201","山形県","山形市","飯田","山形","30分?60分",11000000,"200000","","185",60000,"正方形","12.8","","","","","","南東","市道",6.0,"第１種中高層住居専用地域",60,200,"2021年第１四半期","",""
10,"宅地(土地と建物)","住宅地","06201","山形県","山形市","泉町","北山形","25",27000000,"","","130",,"長方形","7.5","95","令和2年","木造","住宅","住宅","西","市道",8.0,"第１種住居地域",60,200,"2021年第１四半期","",""
11,"宅地(土地)","住宅地","06201","山形県","山形市","江俣","北山形","28",13000000,"130000","","330",39000,"ほぼ長方形","20.0","","","","","住宅","南東","市道",6.0,"第２種低層住居専用地域",60,150,"2021年第１四半期","",""
12,"宅地(土地)","住宅地","06201","山形県","山形市","清住町","山形","21",11000000,"200000","","175",62000,"長方形","15.1","","","","","その他","南","私道",4.0,"第１種住居地域",60,200,"2021年第１四半期","","隣地の購入"
13,"宅地(土地と建物)","住宅地","06201","山形県","山形市","小白川町","山形","30分?60分",35000000,"","","240",,"ほぼ長方形","14.0","130","令和3年","木造","住宅","住宅","北西","私道",4.0,"第１種中高層住居専用地域",60,200,"2021年第１四半期","","私道を含む取引"
14,"宅地(土地)","住宅地","06201","山形県","山形市","小白川町","山形","30分?60分",9500000,"180000","","170",56000,"ほぼ長方形","10.3","","","","","住宅","南","私道",4.0,"第２種中高層住居専用地域",60,200,"2021年第１四半期","",""
15,"宅地(土地と建物)","住宅地","06201","山形県","山形市","小荷駄町","山形","26",18000000,"","","290",,"長方形","13.2","110","昭和42年","木造","住宅","住宅","南","私道",4.0,"第２種中高層住居専用地域",,,"2021年第１四半期","",""
16,"林地","","06201","山形県","山形市","蔵王飯田","","",5000000,"","","5000㎡以上",,"","","","","","","","","",,"",,,"2021年第１四半期","",""
17,"林地","","06201","山形県","山形市","蔵王飯田","","",100000,"","","610",,"","","","","","","","","",,"",,,"2021年第１四半期","",""
18,"宅地(土地と建物)","住宅地","06201","山形県","山形市","蔵王成沢","蔵王","8",20000000,"","","220",,"長方形","13.0","100","昭和57年","木造","住宅","住宅","西","市道",6.0,"市街化調整区域",70,200,"2021年第１四半期","",""
19,"宅地(土地と建物)","住宅地","06201","山形県","山形市","蔵王半郷","蔵王","30分?60分",6500000,"","","270",,"不整形","26.0","115","昭和42年","木造","住宅","住宅","南東","県道",10.5,"市街化調整区域",70,200,"2021年第１四半期","",""
20,"宅地(土地)","住宅地","06201","山形県","山形市","桜田西","山形","30分?60分",13000000,"230000","","190",68000,"長方形","11.0","","","","","住宅","西","市道",6.0,"第２種低層住居専用地域",60,150,"2021年第１四半期","",""
21,"宅地(土地と建物)","住宅地","06201","山形県","山形市","下条町","北山形","13",30000000,"","","290",,"ほぼ長方形","8.0","90","令和3年","木造","住宅","住宅","北","私道",8.0,"準工業地域",60,200,"2021年第１四半期","","私道を含む取引"
22,"宅地(土地と建物)","住宅地","06201","山形県","山形市","城西町","北山形","21",8000000,"","","170",,"長方形","11.0","90","昭和43年","木造","住宅","住宅","北西","市道",4.0,"第２種低層住居専用地域",60,150,"2021年第１四半期","",""
23,"宅地(土地)","住宅地","06201","山形県","山形市","城西町","山形","11",5000000,"70000","","240",21000,"不整形","2.6","","","","","住宅","東","市道",3.7,"第１種住居地域",60,200,"2021年第１四半期","","私道を含む取引"
24,"宅地(土地)","住宅地","06201","山形県","山形市","瀬波","東金井","3",13000000,"210000","","210",63000,"ほぼ長方形","","","","","","住宅","南","区画街路",6.0,"第１種住居地域",60,200,"2021年第１四半期","",""
25,"宅地(土地と建物)","住宅地","06201","山形県","山形市","瀬波","東金井","9",19000000,"","","200",,"ほぼ長方形","","140","","軽量鉄骨造","住宅","住宅","南","市道",6.0,"第２種低層住居専用地域",60,150,"2021年第１四半期","",""
26,"宅地(土地と建物)","住宅地","06201","山形県","山形市","大野目","羽前千歳","30分?60分",38000000,"","","220",,"長方形","11.5","115","令和3年","木造","住宅","住宅","北東","市道",6.0,"第２種中高層住居専用地域",60,200,"2021年第１四半期","",""
27,"宅地(土地と建物)","住宅地","06201","山形県","山形市","高原町","羽前千歳","30分?60分",10000000,"","","1200",,"不整形","","180","昭和43年","","住宅","住宅","南","市道",5.0,"市街化調整区域",70,200,"2021年第１四半期","",""
28,"宅地(土地と建物)","工業地","06201","山形県","山形市","立谷川","漆山","30分?60分",79000000,"","","2000㎡以上",,"不整形","20.5","560","平成10年","鉄骨造","事務所、倉庫","事務所","南","市道",9.0,"工業専用地域",60,200,"2021年第１四半期","",""
29,"宅地(土地と建物)","工業地","06201","山形県","山形市","立谷川","漆山","9",36000000,"","","1300",,"不整形","","220","平成23年","鉄骨造","倉庫","倉庫","西","市道",8.0,"工業専用地域",60,200,"2021年第１四半期","",""
30,"宅地(土地と建物)","住宅地","06201","山形県","山形市","天神町","南出羽","30分?60分",16000000,"","","480",,"不整形","","250","","木造","事務所","事務所","西","市道",11.0,"市街化調整区域",70,200,"2021年第１四半期","",""
31,"中古マンション等","","06201","山形県","山形市","十日町","山形","10",2200000,"","１Ｋ","20",,"","","","平成3年","","","","","",,"商業地域",80,500,"2021年第１四半期","未改装",""
32,"宅地(土地と建物)","住宅地","06201","山形県","山形市","富の中","山形","30分?60分",12000000,"","","220",,"ほぼ長方形","18.0","125","昭和64年","木造","住宅","住宅","南","私道",4.0,"第１種低層住居専用地域",50,100,"2021年第１四半期","",""
33,"宅地(土地と建物)","商業地","06201","山形県","山形市","七日町","山形","19",380000000,"","","2000㎡以上",,"ほぼ長方形","45.0","2000㎡以上","昭和31年","ＲＣ","店舗","その他","東","国道",15.0,"商業地域",80,600,"2021年第１四半期","","調停・競売等"
34,"宅地(土地と建物)","商業地","06201","山形県","山形市","七日町","山形","23",10000000,"","","145",,"ほぼ長方形","14.0","210","昭和29年","木造","住宅","その他","接面道路無","",,"商業地域",80,400,"2021年第１四半期","",""
35,"宅地(土地)","住宅地","06201","山形県","山形市","成沢西","山形","1H?1H30",12000000,"230000","","170",68000,"ほぼ長方形","12.0","","","","","住宅","西","市道",6.0,"第１種住居地域",60,200,"2021年第１四半期","",""
36,"宅地(土地)","住宅地","06201","山形県","山形市","成沢西","山形","1H?1H30",19000000,"260000","","240",80000,"長方形","13.5","","","","","事務所","北","市道",8.0,"準工業地域",60,200,"2021年第１四半期","",""
37,"宅地(土地)","住宅地","06201","山形県","山形市","西田","山形","26",16000000,"250000","","220",75000,"長方形","10.5","","","","","住宅","南","市道",6.5,"第１種低層住居専用地域",50,100,"2021年第１四半期","",""
38,"宅地(土地)","住宅地","06201","山形県","山形市","大字長谷堂","蔵王","1H?1H30",1300000,"35000","","125",11000,"不整形","19.0","","","","","","接面道路無","",,"市街化調整区域",70,200,"2021年第１四半期","",""
39,"宅地(土地)","商業地","06201","山形県","山形市","旅篭町","山形","15",13000000,"390000","","115",120000,"長方形","8.1","","","","","その他","北西","市道",18.0,"商業地域",80,400,"2021年第１四半期","",""
40,"宅地(土地と建物)","商業地","06201","山形県","山形市","旅篭町","山形","15",19000000,"","","270",,"不整形","","","","","","","北西","市道",18.0,"商業地域",80,400,"2021年第１四半期","",""
41,"宅地(土地)","住宅地","06201","山形県","山形市","東青田","山形","30分?60分",5500000,"77000","","240",23000,"台形","13.0","","","","","住宅","西","市道",6.0,"第２種中高層住居専用地域",60,200,"2021年第１四半期","",""
42,"中古マンション等","","06201","山形県","山形市","東原町","山形","21",6500000,"","","45",,"","","","平成3年","","","住宅","","",,"第２種中高層住居専用地域",60,200,"2021年第１四半期","改装済",""
43,"宅地(土地)","住宅地","06201","山形県","山形市","平清水","山形","30分?60分",15000000,"200000","","260",60000,"ほぼ長方形","14.0","","","","","住宅","北東","市道",8.0,"第１種低層住居専用地域",50,100,"2021年第１四半期","",""
44,"宅地(土地)","住宅地","06201","山形県","山形市","平清水","山形","30分?60分",11000000,"180000","","195",55000,"不整形","5.5","","","","","住宅","南西","市道",6.0,"第１種低層住居専用地域",50,100,"2021年第１四半期","",""
45,"中古マンション等","","06201","山形県","山形市","双葉町","山形","5",36000000,"","３ＬＤＫ","95",,"","","","","","","","","",,"商業地域",80,600,"2021年第１四半期","未改装",""
46,"宅地(土地と建物)","住宅地","06201","山形県","山形市","大字前明石","山形","30分?60分",34000000,"","","230",,"長方形","10.5","105","平成31年","木造","住宅","住宅","北","市道",6.0,"市街化調整区域",70,200,"2021年第１四半期","",""
47,"宅地(土地と建物)","住宅地","06201","山形県","山形市","大字前明石","山形","30分?60分",32000000,"","","210",,"長方形","13.0","105","平成31年","木造","住宅","住宅","北","市道",6.0,"市街化調整区域",70,200,"2021年第１四半期","",""
48,"宅地(土地と建物)","商業地","06201","山形県","山形市","松波","山形","30分?60分",28000000,"","","260",,"長方形","10.5","110","平成9年","鉄骨造","事務所","事務所","北","国道",32.0,"準住居地域",60,200,"2021年第１四半期","",""
49,"宅地(土地)","住宅地","06201","山形県","山形市","松波","山形","30分?60分",38000000,"200000","","630",60000,"ほぼ長方形","21.9","","","","","","東","市道",8.0,"第２種住居地域",60,200,"2021年第１四半期","",""
50,"宅地(土地と建物)","商業地","06201","山形県","山形市","松波","山形","30分?60分",24000000,"","","510",,"長方形","25.6","145","昭和64年","木造","事務所","事務所","北","国道",25.0,"準住居地域",60,200,"2021年第１四半期","","関係者間取引"
51,"中古マンション等","","06201","山形県","山形市","松波","山形","30分?60分",7600000,"","３ＬＤＫ","65",,"","","","平成7年","","","住宅","","",,"準住居地域",60,200,"2021年第１四半期","未改装",""
52,"宅地(土地と建物)","住宅地","06201","山形県","山形市","緑町","北山形","25",10000000,"","","105",,"ほぼ長方形","8.6","","","","","事務所","南西","市道",5.0,"第２種中高層住居専用地域",60,200,"2021年第１四半期","",""
53,"宅地(土地と建物)","住宅地","06201","山形県","山形市","美畑町","山形","18",25000000,"","","220",,"袋地等","2.8","95","令和3年","木造","住宅","住宅","北","市道",4.5,"第１種住居地域",60,200,"2021年第１四半期","",""
54,"宅地(土地)","住宅地","06201","山形県","山形市","宮町","北山形","6",17000000,"280000","","195",84000,"長方形","12.5","","","","","住宅","北","市道",5.0,"準工業地域",60,200,"2021年第１四半期","",""
55,"宅地(土地と建物)","住宅地","06201","山形県","山形市","元木","山形","30分?60分",21000000,"","","260",,"ほぼ長方形","12.0","155","平成4年","木造","住宅","住宅","南","市道",6.0,"第２種低層住居専用地域",60,150,"2021年第１四半期","",""
56,"林地","","06201","山形県","山形市","大字谷柏","","",440000,"","","4400",,"","","","","","","","","",,"",,,"2021年第１四半期","",""
57,"林地","","06201","山形県","山形市","大字谷柏","","",43000,"","","430",,"","","","","","","","","",,"",,,"2021年第１四半期","",""
58,"農地","","06201","山形県","山形市","大字谷柏","","",300000,"","","330",,"","","","","","","","","",,"",,,"2021年第１四半期","",""
59,"農地","","06201","山形県","山形市","大字山寺","","",13000000,"","","5000㎡以上",,"","","","","","","その他","","",,"",,,"2021年第１四半期","",""
60,"宅地(土地と建物)","住宅地","06201","山形県","山形市","若宮","山形","30分?60分",22000000,"","","210",,"長方形","11.6","85","平成16年","木造","住宅、店舗","店舗","北","市道",8.0,"第２種中高層住居専用地域",60,200,"2021年第１四半期","",""
61,"宅地(土地と建物)","商業地","06201","山形県","山形市","和合町","北山形","30分?60分",25000000,"","","1700",,"不整形","41.0","680","","木造","事務所、作業場、駐車場、その他","店舗","南東","国道",30.0,"第１種住居地域",60,200,"2021年第１四半期","","調停・競売等"
62,"農地","","06202","山形県","米沢市","大字浅川","","",81000,"","","410",,"","","","","","","","","",,"",,,"2021年第１四半期","",""
63,"宅地(土地と建物)","住宅地","06202","山形県","米沢市","大町","米沢","18",20000000,"","","185",,"ほぼ長方形","9.0","90","令和2年","木造","住宅","","東","市道",10.0,"第１種住居地域",60,200,"2021年第１四半期","",""
64,"宅地(土地と建物)","住宅地","06202","山形県","米沢市","春日","米沢","30分?60分",12000000,"","","250",,"ほぼ長方形","19.0","95","平成9年","木造","住宅","住宅","東","市道",7.0,"第１種中高層住居専用地域",60,200,"2021年第１四半期","",""
65,"宅地(土地)","商業地","06202","山形県","米沢市","金池","米沢","28",50000000,"99000","","1700",30000,"ほぼ長方形","30.0","","","","","店舗","西","市道",20.0,"準住居地域",60,200,"2021年第１四半期","",""
66,"宅地(土地と建物)","住宅地","06202","山形県","米沢市","大字口田沢","西米沢","1H?1H30",3300000,"","","1700",,"不整形","38.0","310","","木造","住宅","その他","北","市道",5.0,"都市計画区域外",,,"2021年第１四半期","",""
67,"農地","","06202","山形県","米沢市","笹野本町","","",1900000,"","","5000㎡以上",,"","","","","","","","","",,"",,,"2021年第１四半期","",""
68,"農地","","06202","山形県","米沢市","笹野本町","","",60000,"","","200",,"","","","","","","","","",,"",,,"2021年第１四半期","",""
69,"農地","","06202","山形県","米沢市","笹野本町","","",20000,"","","125",,"","","","","","","","","",,"",,,"2021年第１四半期","",""
70,"農地","","06202","山形県","米沢市","笹野本町","","",300000,"","","1200",,"","","","","","","","","",,"",,,"2021年第１四半期","",""
71,"農地","","06202","山形県","米沢市","笹野町","","",1700000,"","","5000㎡以上",,"","","","","","","","","",,"",,,"2021年第１四半期","",""
72,"宅地(土地と建物)","住宅地","06202","山形県","米沢市","下花沢","米沢","9",2200000,"","","560",,"不整形","","105","昭和56年","木造","住宅","住宅","西","市道",6.0,"準工業地域",60,200,"2021年第１四半期","",""
73,"宅地(土地と建物)","住宅地","06202","山形県","米沢市","城西","西米沢","20",15000000,"","","210",,"ほぼ長方形","11.0","85","令和2年","木造","住宅","住宅","北","市道",5.0,"第１種住居地域",60,200,"2021年第１四半期","",""
74,"宅地(土地と建物)","住宅地","06202","山形県","米沢市","城南","南米沢","18",15000000,"","","700",,"ほぼ長方形","20.0","260","昭和48年","木造","住宅","住宅","南","市道",6.0,"第１種住居地域",60,200,"2021年第１四半期","",""
75,"宅地(土地)","住宅地","06202","山形県","米沢市","城北","米沢","29",3700000,"78000","","155",24000,"ほぼ長方形","9.0","","","","","その他","北","市道",5.0,"準住居地域",60,200,"2021年第１四半期","",""
76,"宅地(土地と建物)","住宅地","06202","山形県","米沢市","中央","米沢","28",9600000,"","","350",,"ほぼ長方形","13.5","200","昭和53年","木造","","住宅","北","市道",6.5,"第２種住居地域",60,200,"2021年第１四半期","",""
77,"宅地(土地と建物)","住宅地","06202","山形県","米沢市","通町","米沢","21",50000000,"","","980",,"ほぼ長方形","20.0","500","平成4年","木造","共同住宅","住宅","南西","市道",5.5,"第１種中高層住居専用地域",60,200,"2021年第１四半期","",""
78,"宅地(土地)","住宅地","06202","山形県","米沢市","通町","米沢","30分?60分",5400000,"70000","","250",21000,"ほぼ正方形","16.5","","","","","住宅","北西","市道",6.0,"第２種中高層住居専用地域",60,200,"2021年第１四半期","",""
79,"宅地(土地と建物)","住宅地","06202","山形県","米沢市","古志田町","西米沢","23",4500000,"","","750",,"長方形","21.0","170","昭和56年","木造","住宅","住宅","南","道路",2.0,"市街化区域及び市街化調整区域外の都市計画区域",70,200,"2021年第１四半期","",""
80,"林地","","06202","山形県","米沢市","大字芳泉町","","",75000,"","","570",,"","","","","","","","","",,"",,,"2021年第１四半期","",""
81,"農地","","06202","山形県","米沢市","六郷町","","",420000,"","","125",,"","","","","","","","","",,"",,,"2021年第１四半期","",""
82,"農地","","06202","山形県","米沢市","六郷町","","",810000,"","","250",,"","","","","","","","","",,"",,,"2021年第１四半期","",""
83,"農地","","06202","山形県","米沢市","六郷町","","",420000,"","","125",,"","","","","","","","","",,"",,,"2021年第１四半期","",""
84,"宅地(土地と建物)","住宅地","06203","山形県","鶴岡市","温海","あつみ温泉","10",500000,"","","155",,"不整形","6.5","120","昭和50年","木造","住宅","倉庫","東","市道",6.0,"第２種住居地域",60,200,"2021年第１四半期","",""
85,"宅地(土地)","住宅地","06203","山形県","鶴岡市","稲生","鶴岡","30分?60分",1000000,"31000","","105",9300,"ほぼ長方形","6.0","","","","","その他","南東","市道",7.0,"第２種中高層住居専用地域",60,200,"2021年第１四半期","","関係者間取引"
86,"宅地(土地と建物)","住宅地","06203","山形県","鶴岡市","大塚町","鶴岡","30分?60分",17000000,"","","220",,"ほぼ長方形","13.3","115","平成4年","木造","住宅","住宅","東","市道",6.0,"第１種低層住居専用地域",50,60,"2021年第１四半期","",""
87,"宅地(土地と建物)","住宅地","06203","山形県","鶴岡市","大西町","鶴岡","30分?60分",8000000,"","","280",,"長方形","13.0","165","昭和51年","木造","住宅","住宅","南東","市道",5.0,"第１種低層住居専用地域",50,60,"2021年第１四半期","","関係者間取引"
88,"農地","","06203","山形県","鶴岡市","大山","","",500000,"","","340",,"","","","","","","","","",,"",,,"2021年第１四半期","",""
89,"宅地(土地)","住宅地","06203","山形県","鶴岡市","上畑町","鶴岡","9",4600000,"100000","","150",30000,"ほぼ台形","5.8","","","","","その他","北","市道",5.0,"第２種中高層住居専用地域",60,200,"2021年第１四半期","",""
90,"中古マンション等","","06203","山形県","鶴岡市","上畑町","鶴岡","14",11000000,"","２ＬＤＫ","55",,"","","","平成15年","","","住宅","","",,"第２種住居地域",60,200,"2021年第１四半期","未改装",""
91,"宅地(土地と建物)","住宅地","06203","山形県","鶴岡市","上藤島","藤島","3",15000000,"","","350",,"長方形","17.5","95","昭和60年","木造","住宅","","西","市道",12.0,"第１種住居地域",60,200,"2021年第１四半期","",""
92,"宅地(土地)","住宅地","06203","山形県","鶴岡市","加茂","羽前大山","30分?60分",1200000,"24000","","165",7200,"ほぼ整形","18.0","","","","","その他","北東","県道",8.0,"市街化調整区域",70,200,"2021年第１四半期","",""
93,"農地","","06203","山形県","鶴岡市","小岩川","","",110000,"","","530",,"","","","","","","","","",,"",,,"2021年第１四半期","",""
94,"農地","","06203","山形県","鶴岡市","寿","","",4700000,"","","1600",,"","","","","","","","","",,"",,,"2021年第１四半期","",""
95,"宅地(土地)","住宅地","06203","山形県","鶴岡市","下川","羽前大山","1H?1H30",5800000,"50000","","380",15000,"ほぼ長方形","15.0","","","","","住宅","北東","市道",6.0,"第２種中高層住居専用地域",60,200,"2021年第１四半期","",""
96,"林地","","06203","山形県","鶴岡市","下田沢","","",260000,"","","940",,"","","","","","","","","",,"",,,"2021年第１四半期","",""
97,"林地","","06203","山形県","鶴岡市","下田沢","","",230000,"","","640",,"","","","","","","","","",,"",,,"2021年第１四半期","",""
98,"宅地(土地)","住宅地","06203","山形県","鶴岡市","白山","羽前大山","30分?60分",5000000,"65000","","260",20000,"ほぼ長方形","10.0","","","","","その他","南","市道",11.0,"市街化調整区域",70,200,"2021年第１四半期","",""
99,"宅地(土地と建物)","住宅地","06203","山形県","鶴岡市","新海町","鶴岡","29",17000000,"","","270",,"ほぼ長方形","12.2","150","昭和61年","木造","住宅","住宅","南東","市道",6.0,"第２種中高層住居専用地域",60,200,"2021年第１四半期","",""
100,"宅地(土地)","住宅地","06203","山形県","鶴岡市","新海町","鶴岡","30分?60分",13000000,"85000","","500",26000,"ほぼ長方形","22.8","","","","","住宅","西","市道",6.0,"第２種中高層住居専用地域",60,200,"2021年第１四半期","",""
101,"宅地(土地と建物)","住宅地","06203","山形県","鶴岡市","千石町","鶴岡","30分?60分",2700000,"","","90",,"ほぼ台形","4.0","95","昭和50年","木造","住宅","倉庫","西","市道",8.5,"第１種住居地域",60,200,"2021年第１四半期","",""
102,"宅地(土地と建物)","住宅地","06203","山形県","鶴岡市","大東町","鶴岡","26",9200000,"","","210",,"長方形","20.0","80","昭和63年","木造","住宅","住宅","西","道路",6.0,"第２種中高層住居専用地域",60,200,"2021年第１四半期","",""
103,"宅地(土地)","住宅地","06203","山形県","鶴岡市","大宝寺","鶴岡","25",5900000,"93000","","210",28000,"ほぼ長方形","15.5","","","","","","北","市道",9.0,"市街化調整区域",70,200,"2021年第１四半期","",""
104,"宅地(土地と建物)","住宅地","06203","山形県","鶴岡市","大宝寺町","鶴岡","8",1000000,"","","65",,"不整形","17.3","75","昭和50年","木造","住宅、駐車場","住宅","南西","市道",6.0,"第１種中高層住居専用地域",60,200,"2021年第１四半期","",""
105,"宅地(土地)","住宅地","06203","山形県","鶴岡市","茅原","鶴岡","16",1000000,"59000","","60",18000,"長方形","3.0","","","","","住宅","北","市道",6.0,"工業地域",60,200,"2021年第１四半期","",""
106,"宅地(土地)","住宅地","06203","山形県","鶴岡市","茅原","鶴岡","15",1400000,"49000","","95",15000,"不整形","2.5","","","","","その他","西","市道",8.0,"工業地域",60,200,"2021年第１四半期","",""
107,"宅地(土地と建物)","住宅地","06203","山形県","鶴岡市","友江町","羽前大山","20",17000000,"","","500",,"ほぼ長方形","25.0","300","平成6年","木造","住宅","住宅","南","市道",6.0,"第２種住居地域",60,200,"2021年第１四半期","",""
108,"林地","","06203","山形県","鶴岡市","西目","","",61000,"","","120",,"","","","","","","","","",,"",,,"2021年第１四半期","",""
109,"農地","","06203","山形県","鶴岡市","羽黒町後田","","",170000,"","","670",,"","","","","","","","","",,"",,,"2021年第１四半期","",""
110,"宅地(土地)","住宅地","06203","山形県","鶴岡市","羽黒町松尾","鶴岡","30分?60分",4600000,"51000","","300",15000,"ほぼ台形","8.5","","","","","住宅","南","市道",8.0,"市街化調整区域",70,200,"2021年第１四半期","",""
111,"宅地(土地)","商業地","06203","山形県","鶴岡市","馬場町","鶴岡","23",3600000,"110000","","115",32000,"ほぼ長方形","11.5","","","","","その他","北東","県道",18.0,"近隣商業地域",80,300,"2021年第１四半期","",""
112,"農地","","06203","山形県","鶴岡市","茨新田","","",300000,"","","1700",,"","","","","","","","","",,"",,,"2021年第１四半期","",""
113,"宅地(土地と建物)","住宅地","06203","山形県","鶴岡市","日枝","鶴岡","30分?60分",160000000,"","","880",,"長方形","18.0","470","令和2年","ＲＣ","共同住宅","その他","北東","市道",11.0,"第２種中高層住居専用地域",60,200,"2021年第１四半期","",""
114,"宅地(土地と建物)","住宅地","06203","山形県","鶴岡市","日枝","鶴岡","30分?60分",28000000,"","","260",,"ほぼ台形","13.5","110","令和3年","木造","住宅","住宅","南西","市道",6.0,"第１種低層住居専用地域",50,60,"2021年第１四半期","",""
115,"宅地(土地と建物)","住宅地","06203","山形県","鶴岡市","東原町","鶴岡","30分?60分",20000000,"","","660",,"ほぼ正方形","24.0","280","昭和59年","木造","共同住宅","住宅","南西","市道",6.0,"第１種中高層住居専用地域",60,200,"2021年第１四半期","",""
116,"宅地(土地と建物)","住宅地","06203","山形県","鶴岡市","日出","鶴岡","28",23000000,"","","185",,"長方形","8.6","100","令和3年","木造","住宅","住宅","西","市道",6.0,"第１種中高層住居専用地域",60,200,"2021年第１四半期","",""
117,"農地","","06203","山形県","鶴岡市","平田","","",2700000,"","","3000",,"","","","","","","","","",,"",,,"2021年第１四半期","",""
118,"宅地(土地)","住宅地","06203","山形県","鶴岡市","双葉町","鶴岡","30分?60分",5000000,"100000","","165",30000,"長方形","9.0","","","","","住宅","南","市道",10.5,"第２種住居地域",60,200,"2021年第１四半期","",""
119,"農地","","06203","山形県","鶴岡市","本田","","",3900000,"","","4100",,"","","","","","","","","",,"",,,"2021年第１四半期","",""
120,"農地","","06203","山形県","鶴岡市","本田","","",5700000,"","","5000㎡以上",,"","","","","","","","","",,"",,,"2021年第１四半期","",""
121,"宅地(土地)","商業地","06203","山形県","鶴岡市","みどり町","鶴岡","30分?60分",6800000,"93000","","240",28000,"ほぼ長方形","10.5","","","","","住宅","北東","県道",12.0,"第２種住居地域",60,200,"2021年第１四半期","",""
122,"宅地(土地と建物)","住宅地","06203","山形県","鶴岡市","美原町","鶴岡","30分?60分",15000000,"","","280",,"ほぼ正方形","16.0","185","昭和56年","木造","住宅、その他","住宅","北西","市道",6.0,"第１種中高層住居専用地域",60,200,"2021年第１四半期","",""
123,"農地","","06203","山形県","鶴岡市","谷地興屋","","",20000,"","","240",,"","","","","","","","","",,"",,,"2021年第１四半期","",""
124,"宅地(土地)","商業地","06203","山形県","鶴岡市","湯野浜","羽前大山","1H?1H30",4500000,"40000","","370",12000,"不整形","6.5","","","","","","北西","国道",15.0,"商業地域",80,400,"2021年第１四半期","",""
125,"宅地(土地)","住宅地","06203","山形県","鶴岡市","湯野浜","羽前大山","1H?1H30",890000,"48000","","60",15000,"ほぼ整形","15.0","","","","","その他","北東","市道",4.0,"商業地域",80,400,"2021年第１四半期","",""
126,"農地","","06203","山形県","鶴岡市","湯野浜","","",810000,"","","270",,"","","","","","","その他","","",,"",,,"2021年第１四半期","",""
127,"農地","","06203","山形県","鶴岡市","湯野浜","","",630000,"","","210",,"","","","","","","その他","","",,"",,,"2021年第１四半期","",""
128,"宅地(土地と建物)","住宅地","06203","山形県","鶴岡市","陽光町","鶴岡","30分?60分",19000000,"","","135",,"長方形","7.0","100","令和2年","木造","住宅","住宅","南西","市道",6.0,"第２種住居地域",60,200,"2021年第１四半期","",""
129,"宅地(土地と建物)","住宅地","06204","山形県","酒田市","あきほ町","酒田","30分?60分",26000000,"","","200",,"長方形","10.5","100","令和2年","木造","住宅","住宅","北東","市道",12.0,"第１種住居地域",60,200,"2021年第１四半期","",""
130,"宅地(土地と建物)","住宅地","06204","山形県","酒田市","飛鳥","砂越","28",4000000,"","","600",,"ほぼ長方形","13.0","165","昭和48年","木造","住宅","住宅","南","市道",6.5,"都市計画区域外",,,"2021年第１四半期","",""
131,"農地","","06204","山形県","酒田市","飛鳥","","",1000000,"","","2100",,"","","","","","","","","",,"",,,"2021年第１四半期","",""
132,"農地","","06204","山形県","酒田市","飛鳥","","",66000,"","","270",,"","","","","","","","","",,"",,,"2021年第１四半期","",""
133,"宅地(土地)","工業地","06204","山形県","酒田市","東町","東酒田","20",22000000,"69000","","1000",21000,"長方形","33.6","","","","","その他","南","市道",8.0,"準工業地域",60,200,"2021年第１四半期","",""
134,"林地","","06204","山形県","酒田市","市条","","",100000,"","","1000",,"","","","","","","","","",,"",,,"2021年第１四半期","",""
135,"林地","","06204","山形県","酒田市","市条","","",47000,"","","460",,"","","","","","","","","",,"",,,"2021年第１四半期","",""
136,"林地","","06204","山形県","酒田市","市条","","",95000,"","","940",,"","","","","","","","","",,"",,,"2021年第１四半期","",""
137,"農地","","06204","山形県","酒田市","大町","","",2100000,"","","5000㎡以上",,"","","","","","","","","",,"",,,"2021年第１四半期","",""
138,"宅地(土地)","住宅地","06204","山形県","酒田市","大宮町","酒田","1H?1H30",1900000,"84000","","75",25000,"ほぼ長方形","8.0","","","","","その他","西","市道",6.0,"第１種中高層住居専用地域",60,200,"2021年第１四半期","",""
139,"宅地(土地と建物)","住宅地","06204","山形県","酒田市","大宮町","酒田","1H?1H30",31000000,"","","290",,"不整形","","120","令和3年","木造","住宅","住宅","北","市道",8.0,"工業地域",60,200,"2021年第１四半期","",""
140,"宅地(土地と建物)","工業地","06204","山形県","酒田市","大宮町","東酒田","30分?60分",16000000,"","","820",,"ほぼ整形","","180","","鉄骨造","事務所","事務所","西","市道",10.0,"工業地域",60,200,"2021年第１四半期","",""
141,"宅地(土地)","住宅地","06204","山形県","酒田市","上安町","酒田","30分?60分",9000000,"90000","","330",27000,"ほぼ長方形","21.0","","","","","住宅","南","市道",6.0,"第１種中高層住居専用地域",60,200,"2021年第１四半期","",""
142,"宅地(土地)","住宅地","06204","山形県","酒田市","上安町","酒田","30分?60分",5600000,"110000","","165",34000,"長方形","10.3","","","","","住宅","南","市道",6.0,"第１種中高層住居専用地域",60,200,"2021年第１四半期","",""
143,"宅地(土地と建物)","住宅地","06204","山形県","酒田市","亀ケ崎","酒田","30分?60分",20000000,"","","200",,"ほぼ長方形","20.0","100","令和2年","木造","住宅","住宅","東","市道",7.5,"第１種中高層住居専用地域",60,200,"2021年第１四半期","",""
144,"農地","","06204","山形県","酒田市","北俣","","",300000,"","","970",,"","","","","","","","","",,"",,,"2021年第１四半期","",""
145,"宅地(土地)","住宅地","06204","山形県","酒田市","小泉","本楯","1H?1H30",170000,"12000","","45",3600,"不整形","2.0","","","","","","西","道路",4.0,"第２種中高層住居専用地域",60,200,"2021年第１四半期","",""
146,"宅地(土地と建物)","住宅地","06204","山形県","酒田市","砂越","砂越","4",10000000,"","","420",,"ほぼ長方形","14.0","120","平成12年","木造","住宅","住宅","南西","市道",6.0,"都市計画区域外",,,"2021年第１四半期","",""
147,"宅地(土地)","住宅地","06204","山形県","酒田市","山居町","酒田","23",20000000,"140000","","470",42000,"不整形","25.0","","","","","店舗","北","市道",7.0,"準工業地域",60,200,"2021年第１四半期","",""
148,"宅地(土地と建物)","住宅地","06204","山形県","酒田市","高見台","酒田","30分?60分",38000000,"","","240",,"長方形","12.0","","","","","住宅","北東","市道",12.0,"第２種中高層住居専用地域",60,200,"2021年第１四半期","",""
149,"宅地(土地と建物)","住宅地","06204","山形県","酒田市","東栄町","酒田","13",12000000,"","","155",,"長方形","7.5","130","平成3年","木造","住宅","住宅","南東","市道",11.0,"第１種中高層住居専用地域",60,200,"2021年第１四半期","",""
150,"宅地(土地と建物)","商業地","06204","山形県","酒田市","中町","酒田","18",18000000,"","","570",,"ほぼ長方形","16.0","470","昭和34年","ＲＣ","その他","その他","北東","市道",10.5,"商業地域",80,400,"2021年第１四半期","",""
151,"宅地(土地)","商業地","06204","山形県","酒田市","中町","酒田","18",18000000,"160000","","380",47000,"不整形","11.5","","","","","その他","南西","市道",10.5,"商業地域",80,400,"2021年第１四半期","",""
152,"宅地(土地と建物)","住宅地","06204","山形県","酒田市","新井田町","酒田","14",4000000,"","","140",,"不整形","6.0","135","昭和54年","木造","住宅","住宅","南西","県道",25.0,"商業地域",80,400,"2021年第１四半期","",""
153,"農地","","06204","山形県","酒田市","浜中","","",5700000,"","","2000",,"","","","","","","","","",,"",,,"2021年第１四半期","",""
154,"農地","","06204","山形県","酒田市","浜中","","",690000,"","","230",,"","","","","","","","","",,"",,,"2021年第１四半期","",""
155,"農地","","06204","山形県","酒田市","浜中","","",1600000,"","","540",,"","","","","","","","","",,"",,,"2021年第１四半期","",""
156,"宅地(土地と建物)","住宅地","06204","山形県","酒田市","東泉町","酒田","8",27000000,"","","590",,"ほぼ長方形","30.0","540","昭和50年","木造","共同住宅","住宅","南","市道",7.3,"第１種中高層住居専用地域",60,200,"2021年第１四半期","",""
157,"宅地(土地と建物)","住宅地","06204","山形県","酒田市","東大町","酒田","24",6800000,"","","110",,"不整形","","75","令和2年","木造","住宅","住宅","北東","市道",6.0,"第１種中高層住居専用地域",60,200,"2021年第１四半期","",""
158,"宅地(土地と建物)","住宅地","06204","山形県","酒田市","東大町","酒田","24",7500000,"","","95",,"長方形","","75","","木造","住宅","住宅","北東","市道",6.0,"第１種中高層住居専用地域",60,200,"2021年第１四半期","",""
159,"中古マンション等","","06204","山形県","酒田市","東大町","酒田","26",13000000,"","２ＬＤＫ","55",,"","","","平成16年","","","住宅","","",,"近隣商業地域",80,200,"2021年第１四半期","",""
160,"宅地(土地)","工業地","06204","山形県","酒田市","東両羽町","酒田","30分?60分",300000,"19000","","50",5900,"不整形","","","","","","その他","南東","市道",10.0,"工業地域",60,200,"2021年第１四半期","",""
161,"宅地(土地)","工業地","06204","山形県","酒田市","東両羽町","酒田","30分?60分",17000000,"57000","","1000",17000,"不整形","","","","","","住宅","南東","市道",10.0,"工業地域",60,200,"2021年第１四半期","",""
162,"宅地(土地)","住宅地","06204","山形県","酒田市","広野","余目","1H?1H30",1500000,"26000","","190",7900,"不整形","31.0","","","","","","南","県道",7.5,"市街化調整区域",70,200,"2021年第１四半期","",""
163,"宅地(土地と建物)","住宅地","06204","山形県","酒田市","広野","酒田","1H30?2H",21000000,"","","340",,"ほぼ長方形","13.0","","令和3年","木造","住宅","","西","市道",6.5,"市街化調整区域",70,200,"2021年第１四半期","",""
164,"農地","","06204","山形県","酒田市","広野","","",1400000,"","","2600",,"","","","","","","","","",,"",,,"2021年第１四半期","",""
165,"宅地(土地)","住宅地","06204","山形県","酒田市","牧曽根","酒田","30分?60分",1000000,"20000","","175",6000,"不整形","","","","","","住宅","南","市道",7.0,"市街化調整区域",70,200,"2021年第１四半期","",""
166,"宅地(土地)","住宅地","06204","山形県","酒田市","みずほ","酒田","30分?60分",8000000,"100000","","260",31000,"長方形","13.0","","","","","その他","北西","市道",6.0,"第１種低層住居専用地域",50,60,"2021年第１四半期","",""
167,"宅地(土地と建物)","住宅地","06204","山形県","酒田市","緑ケ丘","酒田","30分?60分",4000000,"","","660",,"不整形","18.0","340","","","","事務所","南東","国道",12.0,"第２種住居地域",60,200,"2021年第１四半期","",""
168,"宅地(土地)","住宅地","06204","山形県","酒田市","緑ケ丘","酒田","1H?1H30",6000000,"59000","","340",18000,"長方形","12.5","","","","","","北","市道",7.5,"第１種低層住居専用地域",50,80,"2021年第１四半期","",""
169,"宅地(土地)","住宅地","06204","山形県","酒田市","南新町","酒田","23",1700000,"24000","","230",7400,"不整形","","","","","","住宅","北西","私道",2.0,"第１種住居地域",60,200,"2021年第１四半期","",""
170,"宅地(土地)","住宅地","06204","山形県","酒田市","南新町","酒田","23",3800000,"90000","","140",27000,"不整形","15.0","","","","","住宅","南東","市道",6.0,"第１種住居地域",60,200,"2021年第１四半期","",""
171,"農地","","06204","山形県","酒田市","宮海","","",2800000,"","","4000",,"","","","","","","","","",,"",,,"2021年第１四半期","",""
172,"農地","","06204","山形県","酒田市","山寺","","",190000,"","","310",,"","","","","","","","","",,"",,,"2021年第１四半期","",""
173,"林地","","06205","山形県","新庄市","大字泉田","","",11000,"","","510",,"","","","","","","","","",,"",,,"2021年第１四半期","",""
174,"農地","","06205","山形県","新庄市","大字泉田","","",600000,"","","4000",,"","","","","","","","","",,"",,,"2021年第１四半期","",""
175,"農地","","06205","山形県","新庄市","大字泉田","","",760000,"","","1900",,"","","","","","","","","",,"",,,"2021年第１四半期","",""
176,"宅地(土地)","住宅地","06205","山形県","新庄市","金沢","新庄","11",3800000,"61000","","210",18000,"不整形","12.0","","","","","住宅","東","道路",3.8,"準工業地域",60,200,"2021年第１四半期","",""
177,"宅地(土地)","住宅地","06205","山形県","新庄市","城南町","新庄","16",5000000,"46000","","360",14000,"不整形","","","","","","住宅","南東","市道",4.7,"第２種低層住居専用地域",60,100,"2021年第１四半期","",""
178,"農地","","06205","山形県","新庄市","大字昭和","","",500000,"","","950",,"","","","","","","","","",,"",,,"2021年第１四半期","",""
179,"農地","","06205","山形県","新庄市","十日町","","",80000,"","","500",,"","","","","","","","","",,"",,,"2021年第１四半期","",""
180,"農地","","06205","山形県","新庄市","十日町","","",8500000,"","","5000㎡以上",,"","","","","","","","","",,"",,,"2021年第１四半期","",""
181,"農地","","06205","山形県","新庄市","十日町","","",400000,"","","1800",,"","","","","","","","","",,"",,,"2021年第１四半期","",""
182,"農地","","06205","山形県","新庄市","大字飛田","","",300000,"","","3000",,"","","","","","","","","",,"",,,"2021年第１四半期","",""
183,"農地","","06205","山形県","新庄市","大字飛田","","",50000,"","","820",,"","","","","","","","","",,"",,,"2021年第１四半期","",""
184,"林地","","06205","山形県","新庄市","大字鳥越","","",260000,"","","2600",,"","","","","","","","","",,"",,,"2021年第１四半期","",""
185,"農地","","06205","山形県","新庄市","大字萩野","","",220000,"","","2300",,"","","","","","","","","",,"",,,"2021年第１四半期","",""
186,"農地","","06205","山形県","新庄市","大字萩野","","",250000,"","","840",,"","","","","","","","","",,"",,,"2021年第１四半期","",""
187,"農地","","06205","山形県","新庄市","大字升形","","",380000,"","","1100",,"","","","","","","","","",,"",,,"2021年第１四半期","",""
188,"農地","","06205","山形県","新庄市","大字升形","","",700000,"","","1900",,"","","","","","","","","",,"",,,"2021年第１四半期","",""
189,"農地","","06205","山形県","新庄市","大字升形","","",710000,"","","1500",,"","","","","","","","","",,"",,,"2021年第１四半期","",""
190,"農地","","06205","山形県","新庄市","大字升形","","",71000,"","","150",,"","","","","","","","","",,"",,,"2021年第１四半期","",""
191,"農地","","06205","山形県","新庄市","大字升形","","",1000000,"","","5000㎡以上",,"","","","","","","","","",,"",,,"2021年第１四半期","",""
192,"宅地(土地)","住宅地","06205","山形県","新庄市","大字松本","新庄","21",4500000,"96000","","155",29000,"ほぼ長方形","9.5","","","","","","北","県道",10.5,"準住居地域",60,200,"2021年第１四半期","",""
193,"農地","","06205","山形県","新庄市","大字本合海","","",4400000,"","","5000㎡以上",,"","","","","","","","","",,"",,,"2021年第１四半期","",""
194,"農地","","06205","山形県","新庄市","大字本合海","","",5000000,"","","5000㎡以上",,"","","","","","","","","",,"",,,"2021年第１四半期","",""
195,"農地","","06205","山形県","新庄市","大字本合海","","",2300000,"","","4900",,"","","","","","","","","",,"",,,"2021年第１四半期","",""
196,"宅地(土地)","住宅地","06206","山形県","寒河江市","落衣前","西寒河江","19",4800000,"75000","","210",23000,"長方形","8.0","","","","","住宅","東","市道",6.0,"第１種低層住居専用地域",50,60,"2021年第１四半期","",""
197,"宅地(土地と建物)","住宅地","06206","山形県","寒河江市","越井坂町","寒河江","11",18000000,"","","320",,"ほぼ長方形","8.0","105","令和2年","木造","住宅","住宅","北","市道",6.5,"第２種中高層住居専用地域",60,200,"2021年第１四半期","","私道を含む取引"
198,"宅地(土地と建物)","住宅地","06206","山形県","寒河江市","大字寒河江","西寒河江","9",36000000,"","","240",,"ほぼ長方形","11.0","110","令和3年","木造","住宅","住宅","南","市道",6.5,"第１種低層住居専用地域",50,60,"2021年第１四半期","",""
199,"宅地(土地)","住宅地","06206","山形県","寒河江市","大字寒河江","西寒河江","3",5400000,"98000","","185",30000,"ほぼ長方形","12.0","","","","","住宅","北西","私道",4.0,"第２種住居地域",60,200,"2021年第１四半期","",""
200,"農地","","06206","山形県","寒河江市","大字寒河江","","",50000,"","","420",,"","","","","","","その他","","",,"",,,"2021年第１四半期","",""
201,"農地","","06206","山形県","寒河江市","大字柴橋","","",500000,"","","5000㎡以上",,"","","","","","","","","",,"",,,"2021年第１四半期","",""
202,"農地","","06206","山形県","寒河江市","大字白岩","","",630000,"","","1400",,"","","","","","","","","",,"",,,"2021年第１四半期","",""
203,"農地","","06206","山形県","寒河江市","大字白岩","","",650000,"","","1400",,"","","","","","","","","",,"",,,"2021年第１四半期","",""
204,"宅地(土地)","住宅地","06206","山形県","寒河江市","大字高屋","南寒河江","5",13000000,"97000","","440",29000,"ほぼ長方形","","","","","","住宅","南","市道",7.0,"第１種中高層住居専用地域",60,200,"2021年第１四半期","",""
205,"農地","","06206","山形県","寒河江市","大字中郷","","",50000,"","","220",,"","","","","","","","","",,"",,,"2021年第１四半期","",""
206,"宅地(土地)","住宅地","06206","山形県","寒河江市","仲谷地","西寒河江","16",7300000,"120000","","200",36000,"台形","12.0","","","","","住宅","南","市道",6.0,"第１種低層住居専用地域",50,60,"2021年第１四半期","",""
207,"宅地(土地)","宅地見込地","06206","山形県","寒河江市","大字西根","寒河江","24",1900000,"50000","","100",15000,"不整形","18.0","","","","","","南","市道",7.2,"第１種中高層住居専用地域",60,200,"2021年第１四半期","",""
208,"宅地(土地)","住宅地","06206","山形県","寒河江市","大字西根","西寒河江","30分?60分",4700000,"58000","","270",18000,"長方形","10.0","","","","","","南","市道",6.0,"市街化区域及び市街化調整区域外の都市計画区域",70,200,"2021年第１四半期","",""
209,"宅地(土地)","宅地見込地","06206","山形県","寒河江市","東新山町","寒河江","29",1200000,"30000","","135",9100,"台形","5.5","","","","","","東","市道",9.3,"準工業地域",60,200,"2021年第１四半期","",""
210,"宅地(土地)","宅地見込地","06206","山形県","寒河江市","東新山町","寒河江","29",4000000,"30000","","440",9100,"台形","15.0","","","","","","東","市道",9.3,"準工業地域",60,200,"2021年第１四半期","",""
211,"宅地(土地)","宅地見込地","06206","山形県","寒河江市","東新山町","寒河江","29",1700000,"8000","","720",2400,"ほぼ台形","","","","","","","接面道路無","",,"準工業地域",60,200,"2021年第１四半期","",""
212,"宅地(土地)","宅地見込地","06206","山形県","寒河江市","東新山町","寒河江","29",14000000,"30000","","1500",9100,"ほぼ台形","39.5","","","","","","東","市道",9.3,"準工業地域",60,200,"2021年第１四半期","",""
213,"宅地(土地と建物)","住宅地","06206","山形県","寒河江市","船橋町","寒河江","8",21000000,"","","195",,"長方形","8.5","105","令和2年","木造","住宅","住宅","南","市道",6.0,"第２種中高層住居専用地域",60,200,"2021年第１四半期","",""
214,"宅地(土地)","宅地見込地","06206","山形県","寒河江市","緑町","西寒河江","14",7000000,"71000","","330",21000,"ほぼ長方形","12.0","","","","","住宅","東","市道",6.0,"第１種住居地域",60,200,"2021年第１四半期","",""
215,"宅地(土地と建物)","住宅地","06206","山形県","寒河江市","本楯","寒河江","25",10000000,"","","320",,"ほぼ台形","19.5","125","平成5年","木造","住宅","住宅","南","市道",6.0,"第１種中高層住居専用地域",60,200,"2021年第１四半期","",""
216,"農地","","06206","山形県","寒河江市","大字谷沢","","",100000,"","","320",,"","","","","","","","","",,"",,,"2021年第１四半期","",""
217,"宅地(土地と建物)","住宅地","06207","山形県","上山市","朝日台","茂吉記念館前","25",9000000,"","","280",,"ほぼ整形","18.0","75","平成2年","木造","住宅","住宅","北西","国道",16.0,"第２種中高層住居専用地域",60,200,"2021年第１四半期","",""
218,"宅地(土地)","住宅地","06207","山形県","上山市","北町","かみのやま温泉","12",5600000,"80000","","230",24000,"ほぼ台形","","","","","","その他","西","私道",4.5,"第１種中高層住居専用地域",60,200,"2021年第１四半期","","隣地の購入"
219,"宅地(土地と建物)","住宅地","06207","山形県","上山市","栄町","かみのやま温泉","11",16000000,"","","280",,"ほぼ長方形","17.0","90","昭和56年","木造","住宅","住宅","南東","市道",6.0,"第２種住居地域",60,200,"2021年第１四半期","",""
220,"宅地(土地と建物)","住宅地","06207","山形県","上山市","下生居","かみのやま温泉","30分?60分",13000000,"","","930",,"不整形","48.0","290","平成22年","木造","住宅、倉庫、その他","住宅","南東","市道",3.0,"都市計画区域外",,,"2021年第１四半期","",""
221,"農地","","06207","山形県","上山市","高松","","",2400000,"","","2900",,"","","","","","","","","",,"",,,"2021年第１四半期","",""
222,"宅地(土地と建物)","住宅地","06207","山形県","上山市","永野","茂吉記念館前","1H?1H30",2300000,"","","500",,"ほぼ正方形","21.6","125","昭和64年","木造","住宅","その他","南西","県道",7.5,"都市計画区域外",,,"2021年第１四半期","",""
223,"農地","","06207","山形県","上山市","細谷","","",35000,"","","790",,"","","","","","","","","",,"",,,"2021年第１四半期","",""
224,"宅地(土地と建物)","住宅地","06207","山形県","上山市","矢来","かみのやま温泉","7",32000000,"","","210",,"ほぼ長方形","22.4","","","","","住宅","西","市道",12.0,"第１種住居地域",60,200,"2021年第１四半期","",""
225,"宅地(土地と建物)","住宅地","06207","山形県","上山市","矢来","かみのやま温泉","9",26000000,"","","200",,"ほぼ長方形","11.8","105","令和3年","木造","住宅","住宅","南","区画街路",6.0,"第１種住居地域",60,200,"2021年第１四半期","",""
226,"宅地(土地)","住宅地","06207","山形県","上山市","矢来","かみのやま温泉","10",10000000,"130000","","260",39000,"ほぼ長方形","20.0","","","","","住宅","北","区画街路",6.0,"第１種住居地域",60,200,"2021年第１四半期","",""
227,"宅地(土地)","住宅地","06207","山形県","上山市","矢来","かみのやま温泉","9",9400000,"140000","","220",42000,"ほぼ長方形","11.7","","","","","住宅","南","区画街路",6.0,"第１種住居地域",60,200,"2021年第１四半期","",""
228,"農地","","06208","山形県","村山市","大字大久保","","",15000,"","","990",,"","","","","","","","","",,"",,,"2021年第１四半期","",""
229,"農地","","06208","山形県","村山市","大字楯岡","","",13000000,"","","3600",,"","","","","","","","","",,"",,,"2021年第１四半期","",""
230,"農地","","06208","山形県","村山市","大字楯岡","","",15000000,"","","4000",,"","","","","","","","","",,"",,,"2021年第１四半期","",""
231,"宅地(土地)","商業地","06208","山形県","村山市","中央","村山(山形)","14",19000000,"73000","","860",22000,"ほぼ長方形","23.0","","","","","その他","南","県道",18.0,"第２種住居地域",60,200,"2021年第１四半期","",""
232,"農地","","06208","山形県","村山市","大字土生田","","",970000,"","","3600",,"","","","","","","","","",,"",,,"2021年第１四半期","",""
233,"農地","","06208","山形県","村山市","大字名取","","",75000,"","","370",,"","","","","","","","","",,"",,,"2021年第１四半期","",""
234,"農地","","06208","山形県","村山市","大字名取","","",140000,"","","670",,"","","","","","","","","",,"",,,"2021年第１四半期","",""
235,"農地","","06208","山形県","村山市","大字名取","","",59000,"","","300",,"","","","","","","","","",,"",,,"2021年第１四半期","",""
236,"農地","","06208","山形県","村山市","大字名取","","",47000,"","","240",,"","","","","","","","","",,"",,,"2021年第１四半期","",""
237,"農地","","06208","山形県","村山市","大字名取","","",21000,"","","110",,"","","","","","","","","",,"",,,"2021年第１四半期","",""
238,"農地","","06208","山形県","村山市","大字名取","","",1000000,"","","4900",,"","","","","","","","","",,"",,,"2021年第１四半期","",""
239,"農地","","06208","山形県","村山市","大字名取","","",180000,"","","600",,"","","","","","","","","",,"",,,"2021年第１四半期","",""
240,"農地","","06208","山形県","村山市","大字名取","","",210000,"","","690",,"","","","","","","","","",,"",,,"2021年第１四半期","",""
241,"農地","","06209","山形県","長井市","五十川","","",150000,"","","990",,"","","","","","","","","",,"",,,"2021年第１四半期","",""
242,"林地","","06209","山形県","長井市","今泉","","",88000,"","","440",,"","","","","","","","","",,"",,,"2021年第１四半期","",""
243,"宅地(土地と建物)","住宅地","06209","山形県","長井市","片田町","長井","10",4000000,"","","1400",,"不整形","25.5","240","昭和43年","木造","住宅","その他","西","市道",6.5,"第１種住居地域",60,200,"2021年第１四半期","","関係者間取引"
244,"宅地(土地と建物)","住宅地","06209","山形県","長井市","寺泉","あやめ公園","30分?60分",120000,"","","160",,"不整形","13.7","80","昭和61年","木造","駐車場、その他","その他","東","市道",12.0,"都市計画区域外",,,"2021年第１四半期","","私道を含む取引"
245,"宅地(土地)","住宅地","06209","山形県","長井市","寺泉","あやめ公園","30分?60分",26000000,"9200","","2000㎡以上",2800,"不整形","","","","","","","東","県道",9.0,"都市計画区域外",,,"2021年第１四半期","",""
246,"農地","","06209","山形県","長井市","時庭","","",3100000,"","","5000㎡以上",,"","","","","","","","","",,"",,,"2021年第１四半期","",""
247,"農地","","06209","山形県","長井市","時庭","","",2200000,"","","5000㎡以上",,"","","","","","","","","",,"",,,"2021年第１四半期","",""
248,"農地","","06209","山形県","長井市","時庭","","",130000,"","","430",,"","","","","","","","","",,"",,,"2021年第１四半期","",""
249,"農地","","06209","山形県","長井市","時庭","","",1100000,"","","3700",,"","","","","","","","","",,"",,,"2021年第１四半期","",""
250,"農地","","06209","山形県","長井市","時庭","","",1600000,"","","5000㎡以上",,"","","","","","","","","",,"",,,"2021年第１四半期","",""
251,"宅地(土地と建物)","住宅地","06209","山形県","長井市","成田","羽前成田","8",800000,"","","450",,"台形","","155","昭和41年","鉄骨造、木造","住宅","","西","道路",4.3,"第１種住居地域",60,200,"2021年第１四半期","",""
252,"農地","","06209","山形県","長井市","成田","","",630000,"","","2100",,"","","","","","","","","",,"",,,"2021年第１四半期","",""
253,"宅地(土地と建物)","住宅地","06209","山形県","長井市","日の出町","南長井","21",1200000,"","","1200",,"不整形","12.0","95","昭和41年","木造","住宅","住宅","南","市道",5.5,"市街化区域及び市街化調整区域外の都市計画区域",70,200,"2021年第１四半期","",""
254,"農地","","06209","山形県","長井市","平山","","",100000,"","","580",,"","","","","","","","","",,"",,,"2021年第１四半期","",""
255,"農地","","06209","山形県","長井市","森","","",20000,"","","130",,"","","","","","","","","",,"",,,"2021年第１四半期","",""
256,"宅地(土地と建物)","住宅地","06209","山形県","長井市","四ツ谷","南長井","4",26000000,"","","230",,"長方形","14.0","125","令和3年","木造","住宅","住宅","東","私道",5.8,"第１種住居地域",60,200,"2021年第１四半期","",""
257,"農地","","06210","山形県","天童市","大字荒谷","","",100000,"","","310",,"","","","","","","","","",,"",,,"2021年第１四半期","",""
258,"宅地(土地と建物)","住宅地","06210","山形県","天童市","泉町","天童","19",15000000,"","","380",,"ほぼ台形","28.0","240","昭和61年","木造","共同住宅","","東","市道",8.0,"第１種住居地域",60,200,"2021年第１四半期","",""
259,"宅地(土地と建物)","住宅地","06210","山形県","天童市","北久野本","天童","30分?60分",6500000,"","","210",,"ほぼ正方形","15.0","110","昭和55年","木造","住宅","住宅","西","私道",6.0,"第１種中高層住居専用地域",60,200,"2021年第１四半期","",""
260,"宅地(土地)","住宅地","06210","山形県","天童市","久野本","天童","16",16000000,"140000","","380",42000,"長方形","14.0","","","","","住宅","南","市道",6.0,"第２種住居地域",60,200,"2021年第１四半期","",""
261,"宅地(土地)","住宅地","06210","山形県","天童市","久野本","天童","18",6600000,"71000","","310",21000,"ほぼ長方形","9.5","","","","","","東","県道",7.0,"第１種住居地域",60,200,"2021年第１四半期","",""
262,"宅地(土地)","住宅地","06210","山形県","天童市","田鶴町","天童","9",9600000,"160000","","200",47000,"長方形","10.5","","","","","住宅","東","市道",7.5,"第１種住居地域",60,200,"2021年第１四半期","",""
263,"宅地(土地と建物)","住宅地","06210","山形県","天童市","大字長岡","天童南","11",26000000,"","","200",,"長方形","20.0","105","令和2年","木造","住宅","住宅","東","市道",6.0,"市街化調整区域",70,200,"2021年第１四半期","",""
264,"宅地(土地と建物)","住宅地","06210","山形県","天童市","大字奈良沢","天童南","30分?60分",1500000,"","","400",,"ほぼ長方形","16.0","120","昭和58年","木造","住宅","住宅","南","市道",5.0,"市街化調整区域",70,200,"2021年第１四半期","","調停・競売等"
265,"宅地(土地)","住宅地","06210","山形県","天童市","芳賀タウン南","天童南","12",12000000,"200000","","200",61000,"ほぼ長方形","13.0","","","","","その他","北西","市道",8.0,"第２種住居地域",60,200,"2021年第１四半期","",""
266,"宅地(土地と建物)","住宅地","06210","山形県","天童市","一日町","天童南","14",28000000,"","","210",,"長方形","12.5","105","令和3年","木造","住宅","住宅","東","市道",6.0,"工業地域",60,200,"2021年第１四半期","",""
267,"宅地(土地と建物)","住宅地","06210","山形県","天童市","大字乱川","乱川","8",21000000,"","","1600",,"ほぼ長方形","25.0","510","昭和43年","木造","住宅、駐車場、その他","その他","東","県道",10.0,"市街化調整区域",70,200,"2021年第１四半期","",""
268,"農地","","06210","山形県","天童市","大字矢野目","","",1400000,"","","4700",,"","","","","","","","","",,"",,,"2021年第１四半期","",""
269,"農地","","06210","山形県","天童市","大字矢野目","","",440000,"","","1700",,"","","","","","","","","",,"",,,"2021年第１四半期","",""
270,"農地","","06210","山形県","天童市","大字山口","","",1700000,"","","3400",,"","","","","","","","","",,"",,,"2021年第１四半期","","隣地の購入"
271,"宅地(土地と建物)","住宅地","06211","山形県","東根市","大字板垣新田","神町","15",2200000,"","","240",,"ほぼ長方形","13.5","115","昭和48年","木造","住宅","その他","西","私道",4.0,"市街化区域及び市街化調整区域外の都市計画区域",70,200,"2021年第１四半期","",""
272,"宅地(土地と建物)","住宅地","06211","山形県","東根市","一本木","さくらんぼ東根","9",18000000,"","","200",,"ほぼ正方形","13.7","110","平成20年","木造","住宅","住宅","西","県道",12.0,"準工業地域",60,200,"2021年第１四半期","",""
273,"宅地(土地)","住宅地","06211","山形県","東根市","大林","さくらんぼ東根","14",9200000,"150000","","200",46000,"ほぼ長方形","11.9","","","","","住宅","南","市道",6.0,"第１種中高層住居専用地域",60,200,"2021年第１四半期","",""
274,"宅地(土地と建物)","商業地","06211","山形県","東根市","温泉町","東根","15",300000,"","","230",,"長方形","17.5","40","","","住宅","住宅","北","市道",3.5,"商業地域",80,400,"2021年第１四半期","",""
275,"宅地(土地と建物)","商業地","06211","山形県","東根市","大字蟹沢","さくらんぼ東根","8",32000000,"","","1800",,"ほぼ整形","39.0","400","昭和52年","木造","作業場","その他","西","国道",25.0,"準工業地域",60,200,"2021年第１四半期","",""
276,"宅地(土地と建物)","住宅地","06211","山形県","東根市","大字蟹沢","さくらんぼ東根","14",14000000,"","","200",,"不整形","5.0","90","令和2年","木造","住宅","住宅","北東","市道",8.0,"準工業地域",60,200,"2021年第１四半期","",""
277,"農地","","06211","山形県","東根市","大字観音寺","","",200000,"","","3000",,"","","","","","","","","",,"",,,"2021年第１四半期","",""
278,"宅地(土地と建物)","住宅地","06211","山形県","東根市","小林","さくらんぼ東根","19",21000000,"","","200",,"ほぼ正方形","13.6","105","平成23年","木造","住宅","住宅","南西","市道",6.0,"第１種住居地域",60,200,"2021年第１四半期","",""
279,"宅地(土地)","住宅地","06211","山形県","東根市","神町東","さくらんぼ東根","9",6800000,"100000","","220",31000,"長方形","10.0","","","","","住宅","東","私道",6.0,"第１種中高層住居専用地域",60,200,"2021年第１四半期","",""
280,"宅地(土地)","住宅地","06211","山形県","東根市","神町東","神町","15",9800000,"150000","","220",45000,"ほぼ長方形","13.7","","","","","住宅","南","市道",6.0,"第１種中高層住居専用地域",60,200,"2021年第１四半期","",""
281,"宅地(土地と建物)","住宅地","06211","山形県","東根市","中央","さくらんぼ東根","21",24000000,"","","165",,"長方形","8.3","110","令和2年","木造","住宅","住宅","南西","市道",6.0,"第１種中高層住居専用地域",60,200,"2021年第１四半期","",""
282,"宅地(土地)","住宅地","06211","山形県","東根市","中央","さくらんぼ東根","19",8700000,"140000","","200",44000,"長方形","10.5","","","","","住宅","北東","市道",12.0,"第１種住居地域",60,200,"2021年第１四半期","",""
283,"宅地(土地)","商業地","06211","山形県","東根市","中央西","さくらんぼ東根","18",8200000,"120000","","220",38000,"ほぼ長方形","13.0","","","","","その他","南東","市道",12.0,"第１種住居地域",60,200,"2021年第１四半期","",""
284,"宅地(土地)","住宅地","06211","山形県","東根市","中央東","さくらんぼ東根","30分?60分",8500000,"51000","","550",15000,"不整形","15.3","","","","","倉庫","北東","市道",8.3,"市街化区域及び市街化調整区域外の都市計画区域",70,200,"2021年第１四半期","","隣地の購入"
285,"農地","","06211","山形県","東根市","大字長瀞","","",240000,"","","600",,"","","","","","","","","",,"",,,"2021年第１四半期","",""
286,"農地","","06211","山形県","東根市","大字長瀞","","",200000,"","","2200",,"","","","","","","","","",,"",,,"2021年第１四半期","",""
287,"農地","","06211","山形県","東根市","大字荷口","","",50000,"","","440",,"","","","","","","","","",,"",,,"2021年第１四半期","",""
288,"農地","","06211","山形県","東根市","大字荷口","","",10000,"","","290",,"","","","","","","","","",,"",,,"2021年第１四半期","",""
289,"農地","","06211","山形県","東根市","大字野川","","",560000,"","","1400",,"","","","","","","","","",,"",,,"2021年第１四半期","",""
290,"農地","","06211","山形県","東根市","大字野田","","",30000,"","","330",,"","","","","","","","","",,"",,,"2021年第１四半期","",""
291,"宅地(土地)","住宅地","06211","山形県","東根市","大字羽入","神町","30分?60分",4800000,"80000","","200",24000,"ほぼ長方形","11.0","","","","","住宅","北東","市道",10.0,"市街化区域及び市街化調整区域外の都市計画区域",70,200,"2021年第１四半期","",""
292,"農地","","06211","山形県","東根市","大字東根","","",50000,"","","3200",,"","","","","","","","","",,"",,,"2021年第１四半期","",""
293,"農地","","06211","山形県","東根市","大字東根","","",50000,"","","3200",,"","","","","","","","","",,"",,,"2021年第１四半期","",""
294,"林地","","06211","山形県","東根市","大字東根","","",200000,"","","1900",,"","","","","","","","","",,"",,,"2021年第１四半期","",""
295,"宅地(土地と建物)","住宅地","06211","山形県","東根市","本丸北","東根","26",2000000,"","","840",,"ほぼ長方形","24.8","","昭和55年","木造","住宅","住宅","西","市道",4.5,"第１種住居地域",60,200,"2021年第１四半期","","関係者間取引"
296,"宅地(土地)","住宅地","06211","山形県","東根市","三日町","東根","13",9200000,"100000","","290",32000,"長方形","12.0","","","","","住宅","南西","市道",6.0,"第１種低層住居専用地域",50,80,"2021年第１四半期","",""
297,"宅地(土地と建物)","住宅地","06211","山形県","東根市","四ツ家","さくらんぼ東根","9",16000000,"","","200",,"ほぼ長方形","15.4","95","令和3年","木造","住宅","住宅","西","私道",6.0,"第１種住居地域",60,200,"2021年第１四半期","",""
298,"農地","","06212","山形県","尾花沢市","大字鶴子","","",940000,"","","5000㎡以上",,"","","","","","","","","",,"",,,"2021年第１四半期","",""
299,"農地","","06212","山形県","尾花沢市","大字鶴巻田","","",600000,"","","2900",,"","","","","","","","","",,"",,,"2021年第１四半期","",""
300,"農地","","06212","山形県","尾花沢市","大字原田","","",450000,"","","2800",,"","","","","","","","","",,"",,,"2021年第１四半期","",""
301,"農地","","06212","山形県","尾花沢市","大字原田","","",800000,"","","4200",,"","","","","","","","","",,"",,,"2021年第１四半期","",""
302,"農地","","06212","山形県","尾花沢市","大字六沢","","",160000,"","","1000",,"","","","","","","","","",,"",,,"2021年第１四半期","",""
303,"農地","","06212","山形県","尾花沢市","大字六沢","","",490000,"","","3100",,"","","","","","","","","",,"",,,"2021年第１四半期","",""
304,"宅地(土地と建物)","商業地","06213","山形県","南陽市","赤湯","赤湯","20",4900000,"","","120",,"ほぼ長方形","13.3","","昭和33年","木造","住宅","その他","南","市道",6.0,"商業地域",80,400,"2021年第１四半期","",""
305,"林地","","06213","山形県","南陽市","赤湯","","",500000,"","","2300",,"","","","","","","","","",,"",,,"2021年第１四半期","",""
306,"農地","","06213","山形県","南陽市","蒲生田","","",600000,"","","250",,"","","","","","","","","",,"",,,"2021年第１四半期","",""
307,"宅地(土地と建物)","商業地","06213","山形県","南陽市","椚塚","赤湯","11",2500000,"","","135",,"ほぼ台形","4.6","100","昭和35年","","","その他","東","国道",11.0,"第２種住居地域",60,200,"2021年第１四半期","",""
308,"宅地(土地)","住宅地","06213","山形県","南陽市","関根","赤湯","30分?60分",2000000,"40000","","165",12000,"不整形","21.0","","","","","その他","西","県道",7.0,"都市計画区域外",,,"2021年第１四半期","","隣地の購入"
309,"農地","","06213","山形県","南陽市","竹原","","",200000,"","","390",,"","","","","","","","","",,"",,,"2021年第１四半期","",""
310,"農地","","06213","山形県","南陽市","竹原","","",200000,"","","185",,"","","","","","","","","",,"",,,"2021年第１四半期","",""
311,"農地","","06213","山形県","南陽市","竹原","","",50000,"","","780",,"","","","","","","","","",,"",,,"2021年第１四半期","",""
312,"宅地(土地と建物)","住宅地","06213","山形県","南陽市","宮内","宮内(山形)","13",10000000,"","","1800",,"不整形","24.0","470","昭和43年","木造","その他","その他","東","県道",11.0,"準工業地域",60,200,"2021年第１四半期","",""
313,"農地","","06213","山形県","南陽市","梨郷","","",200000,"","","500",,"","","","","","","","","",,"",,,"2021年第１四半期","",""
314,"農地","","06213","山形県","南陽市","梨郷","","",200000,"","","1000",,"","","","","","","","","",,"",,,"2021年第１四半期","",""
315,"農地","","06301","山形県","東村山郡山辺町","上沢","","",1500000,"","","3000",,"","","","","","","","","",,"",,,"2021年第１四半期","",""
316,"農地","","06301","山形県","東村山郡山辺町","元木","","",1500000,"","","3000",,"","","","","","","","","",,"",,,"2021年第１四半期","",""
317,"宅地(土地と建物)","住宅地","06301","山形県","東村山郡山辺町","大字山辺","羽前山辺","4",5000000,"","","330",,"ほぼ長方形","15.0","120","昭和41年","木造","住宅","住宅","東","町道",5.0,"工業地域",60,200,"2021年第１四半期","",""
318,"宅地(土地)","商業地","06301","山形県","東村山郡山辺町","大字山辺","羽前山辺","5",35000000,"140000","","850",41000,"不整形","37.5","","","","","住宅","南西","町道",12.0,"第２種住居地域",60,200,"2021年第１四半期","",""
319,"宅地(土地)","住宅地","06301","山形県","東村山郡山辺町","大字山辺","羽前山辺","11",11000000,"86000","","410",26000,"不整形","24.0","","","","","住宅","南","県道",16.0,"第１種住居地域",60,200,"2021年第１四半期","",""
320,"農地","","06302","山形県","東村山郡中山町","大字岡","","",270000,"","","890",,"","","","","","","","","",,"",,,"2021年第１四半期","",""
321,"農地","","06302","山形県","東村山郡中山町","大字岡","","",430000,"","","1400",,"","","","","","","","","",,"",,,"2021年第１四半期","",""
322,"宅地(土地と建物)","住宅地","06321","山形県","西村山郡河北町","西里","羽前高松","30分?60分",300000,"","","840",,"不整形","20.0","110","昭和41年","木造","住宅","倉庫","北","町道",7.0,"市街化区域及び市街化調整区域外の都市計画区域",70,200,"2021年第１四半期","",""
323,"宅地(土地)","宅地見込地","06321","山形県","西村山郡河北町","西里","寒河江","1H?1H30",900000,"16000","","190",4700,"不整形","31.0","","","","","","北西","県道",9.3,"市街化区域及び市街化調整区域外の都市計画区域",70,200,"2021年第１四半期","",""
324,"宅地(土地)","住宅地","06321","山形県","西村山郡河北町","西里","寒河江","1H?1H30",1800000,"51000","","115",15000,"ほぼ整形","31.0","","","","","","北西","県道",9.3,"市街化区域及び市街化調整区域外の都市計画区域",70,200,"2021年第１四半期","",""
325,"宅地(土地)","住宅地","06321","山形県","西村山郡河北町","大字溝延","寒河江","1H?1H30",1400000,"12000","","400",3500,"ほぼ長方形","16.0","","","","","住宅","南","町道",6.5,"市街化区域及び市街化調整区域外の都市計画区域",70,200,"2021年第１四半期","",""
326,"宅地(土地と建物)","住宅地","06321","山形県","西村山郡河北町","谷地","寒河江","1H30?2H",3500000,"","","710",,"ほぼ長方形","14.7","230","昭和42年","木造","住宅、その他","住宅","南","町道",5.0,"第１種住居地域",60,200,"2021年第１四半期","",""
327,"宅地(土地)","住宅地","06321","山形県","西村山郡河北町","谷地","寒河江","1H?1H30",1700000,"57000","","95",17000,"ほぼ整形","24.7","","","","","","北西","県道",9.3,"市街化区域及び市街化調整区域外の都市計画区域",70,200,"2021年第１四半期","",""
328,"宅地(土地)","宅地見込地","06321","山形県","西村山郡河北町","谷地","寒河江","1H?1H30",1700000,"19000","","310",5600,"ほぼ整形","50.0m以上","","","","","","西","県道",9.3,"市街化区域及び市街化調整区域外の都市計画区域",70,200,"2021年第１四半期","",""
329,"宅地(土地)","住宅地","06321","山形県","西村山郡河北町","谷地","寒河江","1H?1H30",3700000,"35000","","340",11000,"長方形","16.0","","","","","","北西","県道",12.0,"第２種住居地域",60,200,"2021年第１四半期","",""
330,"農地","","06321","山形県","西村山郡河北町","谷地","","",500000,"","","620",,"","","","","","","","","",,"",,,"2021年第１四半期","",""
331,"農地","","06321","山形県","西村山郡河北町","谷地","","",300000,"","","370",,"","","","","","","","","",,"",,,"2021年第１四半期","",""
332,"林地","","06322","山形県","西村山郡西川町","大字志津","","",17000,"","","115",,"","","","","","","","","",,"",,,"2021年第１四半期","",""
333,"農地","","06322","山形県","西村山郡西川町","大字沼山","","",15000,"","","640",,"","","","","","","","","",,"",,,"2021年第１四半期","",""
334,"林地","","06322","山形県","西村山郡西川町","大字沼山","","",34000,"","","230",,"","","","","","","","","",,"",,,"2021年第１四半期","",""
335,"農地","","06341","山形県","北村山郡大石田町","大字大石田","","",800000,"","","2700",,"","","","","","","","","",,"",,,"2021年第１四半期","",""
336,"農地","","06341","山形県","北村山郡大石田町","大字川前","","",120000,"","","820",,"","","","","","","","","",,"",,,"2021年第１四半期","",""
337,"農地","","06341","山形県","北村山郡大石田町","大字駒籠","","",1400000,"","","5000㎡以上",,"","","","","","","","","",,"",,,"2021年第１四半期","",""
338,"農地","","06341","山形県","北村山郡大石田町","大字駒籠","","",600000,"","","4900",,"","","","","","","","","",,"",,,"2021年第１四半期","",""
339,"農地","","06341","山形県","北村山郡大石田町","大字鷹巣","","",40000,"","","400",,"","","","","","","","","",,"",,,"2021年第１四半期","",""
340,"宅地(土地と建物)","住宅地","06362","山形県","最上郡最上町","大字大堀","瀬見温泉","11",3700000,"","","185",,"ほぼ長方形","12.0","280","戦前","木造","住宅","住宅","南","国道",10.0,"都市計画区域外",,,"2021年第１四半期","",""
341,"農地","","06362","山形県","最上郡最上町","大字大堀","","",20000,"","","210",,"","","","","","","","","",,"",,,"2021年第１四半期","",""
342,"農地","","06362","山形県","最上郡最上町","大字黒澤","","",1800000,"","","5000㎡以上",,"","","","","","","","","",,"",,,"2021年第１四半期","",""
343,"農地","","06362","山形県","最上郡最上町","大字月楯","","",1000000,"","","3000",,"","","","","","","","","",,"",,,"2021年第１四半期","",""
344,"林地","","06362","山形県","最上郡最上町","大字向町","","",200000,"","","1300",,"","","","","","","","","",,"",,,"2021年第１四半期","",""
345,"林地","","06362","山形県","最上郡最上町","大字若宮","","",590000,"","","4500",,"","","","","","","","","",,"",,,"2021年第１四半期","",""
346,"林地","","06362","山形県","最上郡最上町","大字若宮","","",900000,"","","5000㎡以上",,"","","","","","","","","",,"",,,"2021年第１四半期","",""
347,"林地","","06362","山形県","最上郡最上町","大字若宮","","",540000,"","","4200",,"","","","","","","","","",,"",,,"2021年第１四半期","",""
348,"農地","","06363","山形県","最上郡舟形町","富田","","",1900000,"","","1600",,"","","","","","","","","",,"",,,"2021年第１四半期","",""
349,"宅地(土地)","住宅地","06363","山形県","最上郡舟形町","舟形","舟形","20",2500000,"25000","","330",7500,"長方形","16.5","","","","","住宅","西","町道",7.0,"都市計画区域外",,,"2021年第１四半期","",""
350,"宅地(土地と建物)","住宅地","06363","山形県","最上郡舟形町","舟形","舟形","20",500000,"","","155",,"長方形","10.0","60","平成15年","木造","住宅","住宅","北","町道",7.4,"都市計画区域外",,,"2021年第１四半期","",""
351,"宅地(土地)","工業地","06363","山形県","最上郡舟形町","舟形","舟形","23",5500000,"5200","","2000㎡以上",1600,"不整形","","","","","","","東","国道",11.5,"都市計画区域外",,,"2021年第１四半期","",""
352,"農地","","06365","山形県","最上郡大蔵村","大字赤松","","",230000,"","","330",,"","","","","","","","","",,"",,,"2021年第１四半期","",""
353,"農地","","06365","山形県","最上郡大蔵村","大字清水","","",2400000,"","","1000",,"","","","","","","","","",,"",,,"2021年第１四半期","",""
354,"農地","","06365","山形県","最上郡大蔵村","大字清水","","",280000,"","","5000㎡以上",,"","","","","","","","","",,"",,,"2021年第１四半期","",""
355,"農地","","06366","山形県","最上郡鮭川村","大字曲川","","",72000,"","","5000㎡以上",,"","","","","","","","","",,"",,,"2021年第１四半期","",""
356,"農地","","06366","山形県","最上郡鮭川村","大字曲川","","",120000,"","","5000㎡以上",,"","","","","","","","","",,"",,,"2021年第１四半期","",""
357,"農地","","06366","山形県","最上郡鮭川村","大字曲川","","",72000,"","","5000㎡以上",,"","","","","","","","","",,"",,,"2021年第１四半期","",""
358,"宅地(土地)","住宅地","06367","山形県","最上郡戸沢村","大字蔵岡","古口","1H?1H30",850000,"12000","","240",3600,"ほぼ整形","","","","","","","北","村道",7.0,"都市計画区域外",,,"2021年第１四半期","",""
359,"宅地(土地)","住宅地","06367","山形県","最上郡戸沢村","大字蔵岡","古口","1H?1H30",1800000,"12000","","490",3600,"ほぼ整形","","","","","","","北","村道",7.0,"都市計画区域外",,,"2021年第１四半期","",""
360,"農地","","06367","山形県","最上郡戸沢村","大字蔵岡","","",240000,"","","330",,"","","","","","","","","",,"",,,"2021年第１四半期","",""
361,"農地","","06367","山形県","最上郡戸沢村","大字蔵岡","","",430000,"","","390",,"","","","","","","","","",,"",,,"2021年第１四半期","",""
362,"農地","","06367","山形県","最上郡戸沢村","大字蔵岡","","",140000,"","","130",,"","","","","","","","","",,"",,,"2021年第１四半期","",""
363,"農地","","06367","山形県","最上郡戸沢村","大字蔵岡","","",380000,"","","350",,"","","","","","","","","",,"",,,"2021年第１四半期","",""
364,"農地","","06367","山形県","最上郡戸沢村","大字蔵岡","","",220000,"","","200",,"","","","","","","","","",,"",,,"2021年第１四半期","",""
365,"農地","","06367","山形県","最上郡戸沢村","大字蔵岡","","",660000,"","","600",,"","","","","","","","","",,"",,,"2021年第１四半期","",""
366,"農地","","06367","山形県","最上郡戸沢村","大字蔵岡","","",560000,"","","510",,"","","","","","","","","",,"",,,"2021年第１四半期","",""
367,"農地","","06367","山形県","最上郡戸沢村","大字蔵岡","","",3000000,"","","5000㎡以上",,"","","","","","","","","",,"",,,"2021年第１四半期","",""
368,"宅地(土地)","住宅地","06367","山形県","最上郡戸沢村","大字古口","古口","14",1900000,"7700","","820",2300,"不整形","","","","","","住宅","南","国道",15.0,"都市計画区域外",,,"2021年第１四半期","",""
369,"農地","","06367","山形県","最上郡戸沢村","大字松坂","","",1600000,"","","3200",,"","","","","","","","","",,"",,,"2021年第１四半期","",""
370,"農地","","06367","山形県","最上郡戸沢村","大字松坂","","",3600000,"","","5000㎡以上",,"","","","","","","","","",,"",,,"2021年第１四半期","",""
371,"農地","","06367","山形県","最上郡戸沢村","大字松坂","","",1100000,"","","2400",,"","","","","","","","","",,"",,,"2021年第１四半期","",""
372,"農地","","06367","山形県","最上郡戸沢村","大字松坂","","",4500000,"","","5000㎡以上",,"","","","","","","","","",,"",,,"2021年第１四半期","",""
373,"農地","","06381","山形県","東置賜郡高畠町","大字入生田","","",2900000,"","","5000㎡以上",,"","","","","","","","","",,"",,,"2021年第１四半期","",""
374,"農地","","06381","山形県","東置賜郡高畠町","大字入生田","","",800000,"","","5000㎡以上",,"","","","","","","","","",,"",,,"2021年第１四半期","",""
375,"農地","","06381","山形県","東置賜郡高畠町","大字入生田","","",800000,"","","3800",,"","","","","","","","","",,"",,,"2021年第１四半期","",""
376,"農地","","06381","山形県","東置賜郡高畠町","大字亀岡","","",2400000,"","","5000㎡以上",,"","","","","","","","","",,"",,,"2021年第１四半期","",""
377,"農地","","06381","山形県","東置賜郡高畠町","大字塩森","","",180000,"","","720",,"","","","","","","","","",,"",,,"2021年第１四半期","",""
378,"宅地(土地と建物)","住宅地","06381","山形県","東置賜郡高畠町","大字高畠","高畠","30分?60分",2200000,"","","200",,"長方形","11.0","30","昭和30年","木造","住宅","その他","西","町道",7.0,"第１種住居地域",60,200,"2021年第１四半期","","関係者間取引"
379,"宅地(土地と建物)","住宅地","06381","山形県","東置賜郡高畠町","大字竹森","高畠","30分?60分",1000000,"","","320",,"ほぼ台形","36.0","135","昭和59年","鉄骨造","作業場","倉庫","南","町道",9.0,"市街化区域及び市街化調整区域外の都市計画区域",70,200,"2021年第１四半期","",""
380,"宅地(土地)","住宅地","06381","山形県","東置賜郡高畠町","大字二井宿","高畠","2H?",700000,"19000","","120",5800,"不整形","","","","","","その他","接面道路無","",,"都市計画区域外",,,"2021年第１四半期","",""
381,"宅地(土地)","住宅地","06381","山形県","東置賜郡高畠町","大字山崎","高畠","8",2400000,"80000","","100",24000,"長方形","7.5","","","","","","東","町道",5.0,"市街化区域及び市街化調整区域外の都市計画区域",70,200,"2021年第１四半期","",""
382,"宅地(土地)","住宅地","06381","山形県","東置賜郡高畠町","大字山崎","高畠","8",6600000,"80000","","270",24000,"長方形","21.0","","","","","住宅","東","町道",5.0,"市街化区域及び市街化調整区域外の都市計画区域",70,200,"2021年第１四半期","",""
383,"農地","","06382","山形県","東置賜郡川西町","大字大舟","","",59000,"","","2000",,"","","","","","","","","",,"",,,"2021年第１四半期","",""
384,"宅地(土地と建物)","住宅地","06382","山形県","東置賜郡川西町","大字尾長島","高畠","30分?60分",11000000,"","","810",,"不整形","12.0","120","平成14年","木造","住宅","住宅","西","町道",4.0,"都市計画区域外",,,"2021年第１四半期","",""
385,"宅地(土地と建物)","住宅地","06382","山形県","東置賜郡川西町","大字上小松","羽前小松","15",38000000,"","","360",,"ほぼ長方形","20.0","105","令和3年","木造","住宅","住宅","北","町道",9.0,"第１種住居地域",60,200,"2021年第１四半期","",""
386,"農地","","06382","山形県","東置賜郡川西町","大字高豆蒄","","",200000,"","","330",,"","","","","","","","","",,"",,,"2021年第１四半期","",""
387,"宅地(土地)","住宅地","06382","山形県","東置賜郡川西町","大字下奥田","羽前小松","25",2000000,"13000","","490",4100,"ほぼ長方形","21.0","","","","","","南西","県道",14.0,"都市計画区域外",,,"2021年第１四半期","",""
388,"農地","","06382","山形県","東置賜郡川西町","大字下平柳","","",6400000,"","","5000㎡以上",,"","","","","","","","","",,"",,,"2021年第１四半期","",""
389,"農地","","06382","山形県","東置賜郡川西町","大字玉庭","","",300000,"","","1300",,"","","","","","","","","",,"",,,"2021年第１四半期","",""
390,"農地","","06382","山形県","東置賜郡川西町","大字時田","","",950000,"","","2400",,"","","","","","","","","",,"",,,"2021年第１四半期","",""
391,"農地","","06382","山形県","東置賜郡川西町","大字西大塚","","",330000,"","","940",,"","","","","","","","","",,"",,,"2021年第１四半期","",""
392,"農地","","06382","山形県","東置賜郡川西町","大字西大塚","","",130000,"","","380",,"","","","","","","","","",,"",,,"2021年第１四半期","",""
393,"宅地(土地)","住宅地","06382","山形県","東置賜郡川西町","大字堀金","羽前小松","30分?60分",1500000,"10000","","470",3200,"ほぼ台形","35.0","","","","","","東","道路",9.0,"都市計画区域外",,,"2021年第１四半期","",""
394,"農地","","06401","山形県","西置賜郡小国町","大字岩井沢","","",350000,"","","4100",,"","","","","","","","","",,"",,,"2021年第１四半期","",""
395,"宅地(土地)","住宅地","06401","山形県","西置賜郡小国町","大字兵庫舘","小国","16",4800000,"39000","","410",12000,"長方形","21.5","","","","","","南西","町道",8.0,"第１種住居地域",60,200,"2021年第１四半期","",""
396,"宅地(土地)","住宅地","06402","山形県","西置賜郡白鷹町","大字荒砥","荒砥","7",2000000,"28000","","240",8400,"ほぼ長方形","12.6","","","","","その他","南","町道",5.0,"第１種住居地域",60,200,"2021年第１四半期","",""
397,"宅地(土地と建物)","住宅地","06402","山形県","西置賜郡白鷹町","大字荒砥","荒砥","7",7200000,"","","2000㎡以上",,"不整形","29.2","","","","","店舗","南","町道",5.0,"第１種住居地域",60,200,"2021年第１四半期","",""
398,"農地","","06402","山形県","西置賜郡白鷹町","大字畔藤","","",720000,"","","900",,"","","","","","","","","",,"",,,"2021年第１四半期","",""
399,"農地","","06402","山形県","西置賜郡白鷹町","大字畔藤","","",1600000,"","","1700",,"","","","","","","","","",,"",,,"2021年第１四半期","",""
400,"農地","","06402","山形県","西置賜郡白鷹町","大字畔藤","","",2000000,"","","2100",,"","","","","","","","","",,"",,,"2021年第１四半期","",""
401,"農地","","06402","山形県","西置賜郡白鷹町","大字畔藤","","",2600000,"","","2700",,"","","","","","","","","",,"",,,"2021年第１四半期","",""
402,"農地","","06402","山形県","西置賜郡白鷹町","大字畔藤","","",550000,"","","1100",,"","","","","","","","","",,"",,,"2021年第１四半期","",""
403,"農地","","06402","山形県","西置賜郡白鷹町","大字畔藤","","",2400000,"","","4700",,"","","","","","","","","",,"",,,"2021年第１四半期","",""
404,"農地","","06402","山形県","西置賜郡白鷹町","大字畔藤","","",270000,"","","540",,"","","","","","","","","",,"",,,"2021年第１四半期","",""
405,"農地","","06402","山形県","西置賜郡白鷹町","大字畔藤","","",310000,"","","520",,"","","","","","","住宅","","",,"",,,"2021年第１四半期","",""
406,"農地","","06402","山形県","西置賜郡白鷹町","大字十王","","",11000,"","","490",,"","","","","","","","","",,"",,,"2021年第１四半期","",""
407,"農地","","06402","山形県","西置賜郡白鷹町","大字十王","","",54000,"","","1100",,"","","","","","","","","",,"",,,"2021年第１四半期","",""
408,"農地","","06402","山形県","西置賜郡白鷹町","大字高玉","","",330000,"","","2200",,"","","","","","","","","",,"",,,"2021年第１四半期","",""
409,"農地","","06402","山形県","西置賜郡白鷹町","大字高玉","","",220000,"","","1500",,"","","","","","","","","",,"",,,"2021年第１四半期","",""
410,"農地","","06402","山形県","西置賜郡白鷹町","大字広野","","",130000,"","","1100",,"","","","","","","","","",,"",,,"2021年第１四半期","",""
411,"宅地(土地と建物)","住宅地","06402","山形県","西置賜郡白鷹町","大字山口","鮎貝","13",4600000,"","","410",,"ほぼ長方形","","150","平成12年","木造","住宅","住宅","北西","町道",12.0,"都市計画区域外",,,"2021年第１四半期","",""
412,"農地","","06402","山形県","西置賜郡白鷹町","大字山口","","",5000,"","","105",,"","","","","","","","","",,"",,,"2021年第１四半期","",""
413,"宅地(土地と建物)","住宅地","06403","山形県","西置賜郡飯豊町","大字手ノ子","手ノ子","6",56000000,"","","1300",,"不整形","39.0","470","平成13年","木造","共同住宅","","東","町道",11.0,"都市計画区域外",,,"2021年第１四半期","",""
414,"宅地(土地と建物)","住宅地","06403","山形県","西置賜郡飯豊町","大字萩生","萩生","8",10000000,"","","2000㎡以上",,"長方形","33.0","670","平成14年","鉄骨造","その他","その他","北","県道",14.5,"都市計画区域外",,,"2021年第１四半期","",""
415,"農地","","06428","山形県","東田川郡庄内町","落合","","",1700000,"","","3100",,"","","","","","","","","",,"",,,"2021年第１四半期","",""
416,"農地","","06428","山形県","東田川郡庄内町","落合","","",2300000,"","","4300",,"","","","","","","","","",,"",,,"2021年第１四半期","",""
417,"宅地(土地と建物)","住宅地","06428","山形県","東田川郡庄内町","島田","余目","23",2000000,"","","930",,"台形","23.0","160","昭和58年","木造","住宅","住宅","北","町道",5.0,"都市計画区域外",,,"2021年第１四半期","",""
418,"宅地(土地と建物)","住宅地","06428","山形県","東田川郡庄内町","常万","余目","20",1300000,"","","460",,"ほぼ長方形","20.0","135","昭和43年","木造","住宅","事務所","北西","町道",6.0,"市街化区域及び市街化調整区域外の都市計画区域",70,200,"2021年第１四半期","",""
419,"農地","","06461","山形県","飽海郡遊佐町","増穂","","",1500000,"","","2800",,"","","","","","","","","",,"",,,"2021年第１四半期","",""
